USE cocktails;
INSERT INTO Ingredient (id, name) VALUES (0, "White Rum");
INSERT INTO Ingredient (id, name) VALUES (1, "Galliano");
INSERT INTO Ingredient (id, name) VALUES (2, "Triple Sec");
INSERT INTO Ingredient (id, name) VALUES (3, "Lime Juice");
INSERT INTO Ingredient (id, name) VALUES (4, "Angostura Bitters");
INSERT INTO Ingredient (id, name) VALUES (5, "Orgeat Syrup");
INSERT INTO Ingredient (id, name) VALUES (6, "Lemon Juice");
INSERT INTO Ingredient (id, name) VALUES (7, "Rye Whiskey");
INSERT INTO Ingredient (id, name) VALUES (8, "Tequila");
INSERT INTO Ingredient (id, name) VALUES (9, "Agave Syrup");
INSERT INTO Ingredient (id, name) VALUES (10, "Water");
INSERT INTO Ingredient (id, name) VALUES (11, "Irish Whiskey");
INSERT INTO Ingredient (id, name) VALUES (12, "Red Vermouth");
INSERT INTO Ingredient (id, name) VALUES (13, "Green Chartreuse");
INSERT INTO Ingredient (id, name) VALUES (14, "Gin");
INSERT INTO Ingredient (id, name) VALUES (15, "Brandy");
INSERT INTO Ingredient (id, name) VALUES (16, "Ginger Beer");
INSERT INTO Ingredient (id, name) VALUES (17, "Prosecco");
INSERT INTO Ingredient (id, name) VALUES (18, "Aperol");
INSERT INTO Ingredient (id, name) VALUES (19, "Soda Water");
INSERT INTO Ingredient (id, name) VALUES (20, "Vodka");
INSERT INTO Ingredient (id, name) VALUES (21, "Crème De Cassis");
INSERT INTO Ingredient (id, name) VALUES (22, "Sugar Syrup");
INSERT INTO Ingredient (id, name) VALUES (23, "Scotch Whisky");
INSERT INTO Ingredient (id, name) VALUES (24, "Lagavulin 16y Whisky");
INSERT INTO Ingredient (id, name) VALUES (25, "Honey Syrup");
INSERT INTO Ingredient (id, name) VALUES (26, "Ginger");
INSERT INTO Ingredient (id, name) VALUES (27, "Bourbon Whiskey");
INSERT INTO Ingredient (id, name) VALUES (28, "Amaro Nonino");
INSERT INTO Ingredient (id, name) VALUES (29, "Salt");
INSERT INTO Ingredient (id, name) VALUES (30, "Pink Grapefruit Soda");
INSERT INTO Ingredient (id, name) VALUES (31, "Rum");
INSERT INTO Ingredient (id, name) VALUES (32, "Simple Syrup");
INSERT INTO Ingredient (id, name) VALUES (33, "Mint");
INSERT INTO Ingredient (id, name) VALUES (34, "Egg White");
INSERT INTO Ingredient (id, name) VALUES (35, "Red Wine");
INSERT INTO Ingredient (id, name) VALUES (36, "Mezcal");
INSERT INTO Ingredient (id, name) VALUES (37, "Yellow Chartreuse");
INSERT INTO Ingredient (id, name) VALUES (38, "Vodka Citron");
INSERT INTO Ingredient (id, name) VALUES (39, "Falernum");
INSERT INTO Ingredient (id, name) VALUES (40, "Maraschino Luxardo");
INSERT INTO Ingredient (id, name) VALUES (41, "Fernet-branca");
INSERT INTO Ingredient (id, name) VALUES (42, "Cola");
INSERT INTO Ingredient (id, name) VALUES (43, "Coffee Liqueur");
INSERT INTO Ingredient (id, name) VALUES (44, "Espresso");
INSERT INTO Ingredient (id, name) VALUES (45, "Raw Honey");
INSERT INTO Ingredient (id, name) VALUES (46, "Orange Juice");
INSERT INTO Ingredient (id, name) VALUES (47, "Gold Rum");
INSERT INTO Ingredient (id, name) VALUES (48, "Pineapple Juice");
INSERT INTO Ingredient (id, name) VALUES (49, "Jamaican Dark Rum");
INSERT INTO Ingredient (id, name) VALUES (50, "Puerto Rican Gold Rum");
INSERT INTO Ingredient (id, name) VALUES (51, "Demerara Rum");
INSERT INTO Ingredient (id, name) VALUES (52, "Donn's Mix");
INSERT INTO Ingredient (id, name) VALUES (53, "Grenadine Syrup");
INSERT INTO Ingredient (id, name) VALUES (54, "Pernod");
INSERT INTO Ingredient (id, name) VALUES (55, "Lillet Blanc");
INSERT INTO Ingredient (id, name) VALUES (56, "Cherry Liqueur");
INSERT INTO Ingredient (id, name) VALUES (57, "Cointreau");
INSERT INTO Ingredient (id, name) VALUES (58, "Dom Bénédictine");
INSERT INTO Ingredient (id, name) VALUES (59, "Grenadine");
INSERT INTO Ingredient (id, name) VALUES (60, "Peach Schnapps");
INSERT INTO Ingredient (id, name) VALUES (61, "Cranberry Juice");
INSERT INTO Ingredient (id, name) VALUES (62, "Grapefruit Juice");
INSERT INTO Ingredient (id, name) VALUES (63, "Pisco");
INSERT INTO Ingredient (id, name) VALUES (64, "Aromatic Bitters");
INSERT INTO Ingredient (id, name) VALUES (65, "Coconut Cream");
INSERT INTO Ingredient (id, name) VALUES (66, "White Cane Sugar");
INSERT INTO Ingredient (id, name) VALUES (67, "Powdered Sugar");
INSERT INTO Ingredient (id, name) VALUES (68, "Champagne");
INSERT INTO Ingredient (id, name) VALUES (69, "Tequila 100% Agave");
INSERT INTO Ingredient (id, name) VALUES (70, "Amber Jamaican Rum");
INSERT INTO Ingredient (id, name) VALUES (71, "Martinique Molasses Rum");
INSERT INTO Ingredient (id, name) VALUES (72, "Orange Curaçao");
INSERT INTO Ingredient (id, name) VALUES (73, "White Wine");
INSERT INTO Ingredient (id, name) VALUES (74, "Coffee");
INSERT INTO Ingredient (id, name) VALUES (75, "Cream");
INSERT INTO Ingredient (id, name) VALUES (76, "Brown Sugar");
INSERT INTO Ingredient (id, name) VALUES (77, "Ginger Ale");
INSERT INTO Ingredient (id, name) VALUES (78, "Maraschino Liqueur");
INSERT INTO Ingredient (id, name) VALUES (79, "Crème De Menthe");
INSERT INTO Ingredient (id, name) VALUES (80, "Crème De Cacao");
INSERT INTO Ingredient (id, name) VALUES (81, "Cognac");
INSERT INTO Ingredient (id, name) VALUES (82, "Amaretto Liqueur");
INSERT INTO Ingredient (id, name) VALUES (83, "Fresh Peach Purée");
INSERT INTO Ingredient (id, name) VALUES (84, "Sweet Vermouth");
INSERT INTO Ingredient (id, name) VALUES (85, "Bénédictine");
INSERT INTO Ingredient (id, name) VALUES (86, "Peychaud's Bitters");
INSERT INTO Ingredient (id, name) VALUES (87, "Dry Vermouth");
INSERT INTO Ingredient (id, name) VALUES (88, "Maraschino");
INSERT INTO Ingredient (id, name) VALUES (89, "Absinthe");
INSERT INTO Ingredient (id, name) VALUES (90, "Orange Bitters");
INSERT INTO Ingredient (id, name) VALUES (91, "White Crème De Menthe");
INSERT INTO Ingredient (id, name) VALUES (92, "Sugar");
INSERT INTO Ingredient (id, name) VALUES (93, "Drambuie");
INSERT INTO Ingredient (id, name) VALUES (94, "Jamaican Rum");
INSERT INTO Ingredient (id, name) VALUES (95, "Sugar Cane Juice");
INSERT INTO Ingredient (id, name) VALUES (96, "Campari");
INSERT INTO Ingredient (id, name) VALUES (97, "London Dry Gin");
INSERT INTO Ingredient (id, name) VALUES (98, "Sweet Red Vermouth");
INSERT INTO Ingredient (id, name) VALUES (99, "Carbonated Water");
INSERT INTO Ingredient (id, name) VALUES (100, "Fernet Branca");
INSERT INTO Ingredient (id, name) VALUES (101, "Raspberry Syrup");
INSERT INTO Ingredient (id, name) VALUES (102, "Curaçao");
INSERT INTO Ingredient (id, name) VALUES (103, "Bitter Campari");
INSERT INTO Ingredient (id, name) VALUES (104, "Crème De Violette");
INSERT INTO Ingredient (id, name) VALUES (105, "Apricot Brandy");
INSERT INTO Ingredient (id, name) VALUES (106, "Calvados");
INSERT INTO Recipe (id, name, garnish, preparation) VALUES (0, "Yellow Bird", NULL, "Pour all ingredients into a cocktail shaker, shake well with ice, strain into chilled cocktail glass.");
INSERT INTO Recipe (id, name, garnish, preparation) VALUES (1, "Trinidad Sour", NULL, "Pour all ingredients into a cocktail shaker, shake well with ice, strain into chilled cocktail glass.");
INSERT INTO Recipe (id, name, garnish, preparation) VALUES (2, "Tommy's margarita", "Shake and strain into a chilled cocktail glass.", "Shake and strain into a chilled cocktail glass.");
INSERT INTO Recipe (id, name, garnish, preparation) VALUES (3, "Tipperary", "Pour all ingredients into mixing glass with ice cubes. Stir well. Strain into chilled cocktail glass. Garnish with a slice of orange.", "Pour all ingredients into mixing glass with ice cubes. Stir well. Strain into chilled cocktail glass. Garnish with a slice of orange.");
INSERT INTO Recipe (id, name, garnish, preparation) VALUES (4, "Suffering Bastard", "Shake everything but ginger beer with ice, pour unstrained into glass, top with ginger beer.", "Shake everything but ginger beer with ice, pour unstrained into glass, top with ginger beer.");
INSERT INTO Recipe (id, name, garnish, preparation) VALUES (5, "Aperol Spritz", "Build all ingredients into a wine glass filled with ice. Stir gently.", "Build all ingredients into a wine glass filled with ice. Stir gently.");
INSERT INTO Recipe (id, name, garnish, preparation) VALUES (6, "Russian Spring Punch", NULL, "Pour all ingredients into cocktail shaker except the sparkling wine, shake well with ice, strain into chilled tall tumbler glass filled with ice and top up with sparkling wine.");
INSERT INTO Recipe (id, name, garnish, preparation) VALUES (7, "Penicillin", "Muddle fresh ginger in a shaker and add the remaining ingredients, except for the Lagavulin whisky. Fill the shaker with ice and shake. Double-strain into a chilled old fashioned glass with ice. Float the Lagavulin whisky on top.", "Muddle fresh ginger in a shaker and add the remaining ingredients, except for the Lagavulin whisky. Fill the shaker with ice and shake. Double-strain into a chilled old fashioned glass with ice. Float the Lagavulin whisky on top.");
INSERT INTO Recipe (id, name, garnish, preparation) VALUES (8, "Paper Plane", NULL, "Pour all ingredients into cocktail shaker, shake well with ice, strain into chilled cocktail glass.");
INSERT INTO Recipe (id, name, garnish, preparation) VALUES (9, "Paloma", "Pour the tequila into a highball glass, squeeze the lime juice. Add ice and salt, fill up pink grapefruit soda. Stir gently.", "Pour the tequila into a highball glass, squeeze the lime juice. Add ice and salt, fill up pink grapefruit soda. Stir gently.");
INSERT INTO Recipe (id, name, garnish, preparation) VALUES (10, "Old Cuban", "Pour all ingredients except the wine into cocktail shaker, shake well with ice, strain into chilled elegant cocktail glass. Top up with the sparkling wine and garnish with mint sprigs.", "Pour all ingredients except the wine into cocktail shaker, shake well with ice, strain into chilled elegant cocktail glass. Top up with the sparkling wine and garnish with mint sprigs.");
INSERT INTO Recipe (id, name, garnish, preparation) VALUES (11, "New York Sour", "Pour the whiskey, syrup, lemon juice, and egg white into shaker with ice cubes. Shake vigorously. Strain into chilled rocks glass filled with ice. Float the wine on top. Garnish with lemon or orange zest and cherry.", "Pour the whiskey, syrup, lemon juice, and egg white into shaker with ice cubes. Shake vigorously. Strain into chilled rocks glass filled with ice. Float the wine on top. Garnish with lemon or orange zest and cherry.");
INSERT INTO Recipe (id, name, garnish, preparation) VALUES (12, "Naked and Famous", NULL, "Pour all ingredients into shaker with ice cubes. Shake well. Strain into chilled cocktail glass.");
INSERT INTO Recipe (id, name, garnish, preparation) VALUES (13, "Lemon Drop", "Pour all ingredients into cocktail shaker, shake well with ice, strain into chilled cocktail glass. Garnish with sugar rim around the glass.", "Pour all ingredients into cocktail shaker, shake well with ice, strain into chilled cocktail glass. Garnish with sugar rim around the glass.");
INSERT INTO Recipe (id, name, garnish, preparation) VALUES (14, "Illegal", NULL, "Pour all ingredients into shaker with ice cubes. Shake vigorously. Strain into chilled cocktail glass, or 'on the rocks' into a traditional clay or terracotta mug.");
INSERT INTO Recipe (id, name, garnish, preparation) VALUES (15, "Fernet con Coca", NULL, "Fill a double old-fashioned glass with ice. Pour in the Fernet-Branca, fill the glass with cola. Stir gently.");
INSERT INTO Recipe (id, name, garnish, preparation) VALUES (16, "Espresso Martini", "Pour all ingredients into cocktail shaker, shake well with ice, strain into chilled cocktail glass.", "Pour all ingredients into cocktail shaker, shake well with ice, strain into chilled cocktail glass.");
INSERT INTO Recipe (id, name, garnish, preparation) VALUES (17, "Canchanchara", "Mix honey with water and lime juice and spread the mixture on the bottom and sides of the glass. Add cracked ice, and then the rum. End by energetically stirring from bottom to top.", "Mix honey with water and lime juice and spread the mixture on the bottom and sides of the glass. Add cracked ice, and then the rum. End by energetically stirring from bottom to top.");
INSERT INTO Recipe (id, name, garnish, preparation) VALUES (18, "Bee's Knees", "Stir honey syrup with lemon and orange juices until it dissolves, add gin and shake with ice. Strain into chilled cocktail glass.", "Stir honey syrup with lemon and orange juices until it dissolves, add gin and shake with ice. Strain into chilled cocktail glass.");
INSERT INTO Recipe (id, name, garnish, preparation) VALUES (19, "Barracuda", NULL, "Shake pour ingredients with ice. Strain into glass, top with sparkling wine.");
INSERT INTO Recipe (id, name, garnish, preparation) VALUES (20, "Zombie", "Mix ingredients in a shaker with crushed ice. Pour into a tall tumbler glass.", "Mix ingredients in a shaker with crushed ice. Pour into a tall tumbler glass.");
INSERT INTO Recipe (id, name, garnish, preparation) VALUES (21, "Vesper", "Pour all ingredients into a cocktail shaker filled with ice cubes. Shake and strain into a chilled cocktail glass.", "Pour all ingredients into a cocktail shaker filled with ice cubes. Shake and strain into a chilled cocktail glass.");
INSERT INTO Recipe (id, name, garnish, preparation) VALUES (22, "Tequila sunrise", "Pour the tequila and orange juice into glass over ice. Add the grenadine, which will sink to the bottom. Stir gently to create the sunrise effect. Garnish and serve.", "Pour the tequila and orange juice into glass over ice. Add the grenadine, which will sink to the bottom. Stir gently to create the sunrise effect. Garnish and serve.");
INSERT INTO Recipe (id, name, garnish, preparation) VALUES (23, "Singapore Sling", "Pour all ingredients into cocktail shaker filled with ice cubes. Shake well. Strain into highball glass. Garnish with pineapple and cocktail cherry.", "Pour all ingredients into cocktail shaker filled with ice cubes. Shake well. Strain into highball glass. Garnish with pineapple and cocktail cherry.");
INSERT INTO Recipe (id, name, garnish, preparation) VALUES (24, "Sex on the Beach", "Build all ingredients in a highball glass filled with ice. Garnish with orange slice.", "Build all ingredients in a highball glass filled with ice. Garnish with orange slice.");
INSERT INTO Recipe (id, name, garnish, preparation) VALUES (25, "Sea Breeze", "Build all ingredients in a highball glass filled with ice. Garnish with lime wedge.", "Build all ingredients in a highball glass filled with ice. Garnish with lime wedge.");
INSERT INTO Recipe (id, name, garnish, preparation) VALUES (26, "Pisco sour", "Vigorously shake contents in a cocktail shaker with ice cubes, then strain into a glass and garnish with bitters.", "Vigorously shake contents in a cocktail shaker with ice cubes, then strain into a glass and garnish with bitters.");
INSERT INTO Recipe (id, name, garnish, preparation) VALUES (27, "Piña Colada", "Blend all the ingredients with ice in an electric blender, pour into a large goblet or Hurricane glass and serve.", "Blend all the ingredients with ice in an electric blender, pour into a large goblet or Hurricane glass and serve.");
INSERT INTO Recipe (id, name, garnish, preparation) VALUES (28, "Moscow mule", "Combine vodka and ginger beer in a highball glass filled with ice. Add lime juice. Stir gently. Garnish.", "Combine vodka and ginger beer in a highball glass filled with ice. Add lime juice. Stir gently. Garnish.");
INSERT INTO Recipe (id, name, garnish, preparation) VALUES (29, "Mojito", "Mix mint sprigs with sugar and lime juice. Add splash of soda water and fill the glass with ice. Pour the rum and top with soda water. Light stir to involve all ingredients.", "Mix mint sprigs with sugar and lime juice. Add splash of soda water and fill the glass with ice. Pour the rum and top with soda water. Light stir to involve all ingredients.");
INSERT INTO Recipe (id, name, garnish, preparation) VALUES (30, "Mint Julep", "In a highball glass gently muddle the mint, sugar and water. Fill the glass with cracked ice, add Bourbon and stir well until the glass is well frosted. Garnish with a mint sprig.", "In a highball glass gently muddle the mint, sugar and water. Fill the glass with cracked ice, add Bourbon and stir well until the glass is well frosted. Garnish with a mint sprig.");
INSERT INTO Recipe (id, name, garnish, preparation) VALUES (31, "Mimosa", "Ensure both ingredients are well chilled, then mix into the glass. Serve cold.", "Ensure both ingredients are well chilled, then mix into the glass. Serve cold.");
INSERT INTO Recipe (id, name, garnish, preparation) VALUES (32, "Margarita", "Add all ingredients into a shaker with ice. Shake and strain into a chilled cocktail glass.", "Add all ingredients into a shaker with ice. Shake and strain into a chilled cocktail glass.");
INSERT INTO Recipe (id, name, garnish, preparation) VALUES (33, "Mai Tai", "Add all ingredients into a shaker with ice. Shake and pour into a double rocks glass or a highball glass.", "Add all ingredients into a shaker with ice. Shake and pour into a double rocks glass or a highball glass.");
INSERT INTO Recipe (id, name, garnish, preparation) VALUES (34, "Long Island Iced Tea", "Add all ingredients into highball glass filled with ice. Stir gently. Optionally garnish with lemon slice.", "Add all ingredients into highball glass filled with ice. Stir gently. Optionally garnish with lemon slice.");
INSERT INTO Recipe (id, name, garnish, preparation) VALUES (35, "Kir", NULL, "Add the crème de cassis to the bottom of the glass, then top up with wine.");
INSERT INTO Recipe (id, name, garnish, preparation) VALUES (36, "Irish Coffee", NULL, NULL);
INSERT INTO Recipe (id, name, garnish, preparation) VALUES (37, "Horse's Neck", "Pour brandy and ginger ale directly into highball glass with ice cubes. Stir gently. Garnish with lemon zest. If desired, add dashes of Angostura Bitter.", "Pour brandy and ginger ale directly into highball glass with ice cubes. Stir gently. Garnish with lemon zest. If desired, add dashes of Angostura Bitter.");
INSERT INTO Recipe (id, name, garnish, preparation) VALUES (38, "Hemingway Special", NULL, "Pour all ingredients into a shaker with ice. Shake.");
INSERT INTO Recipe (id, name, garnish, preparation) VALUES (39, "Grasshopper", NULL, "Pour ingredients into a cocktail shaker with ice. Shake briskly and then strain into a chilled cocktail glass.");
INSERT INTO Recipe (id, name, garnish, preparation) VALUES (40, "Golden Dream", NULL, "Shake with cracked ice. Strain into glass and serve.");
INSERT INTO Recipe (id, name, garnish, preparation) VALUES (41, "French Connection", NULL, "Pour all ingredients directly into old fashioned glass filled with ice cubes. Stir gently.");
INSERT INTO Recipe (id, name, garnish, preparation) VALUES (42, "French 75", NULL, "Combine gin, syrup, and lemon juice in a cocktail shaker filled with ice. Shake vigorously and strain into a chilled champagne glass. Top up with champagne. Stir gently.");
INSERT INTO Recipe (id, name, garnish, preparation) VALUES (43, "Rum and Coke", "Build all ingredients in a highball glass filled with ice. Garnish with lime wedge.", "Build all ingredients in a highball glass filled with ice. Garnish with lime wedge.");
INSERT INTO Recipe (id, name, garnish, preparation) VALUES (44, "Cosmopolitan", "Shake all ingredients in cocktail shaker filled with ice. Strain into a large cocktail glass. Garnish with lime slice.", "Shake all ingredients in cocktail shaker filled with ice. Strain into a large cocktail glass. Garnish with lime slice.");
INSERT INTO Recipe (id, name, garnish, preparation) VALUES (45, "Black Russian", NULL, "Pour the ingredients into the old fashioned glass filled with ice cubes. Stir gently.");
INSERT INTO Recipe (id, name, garnish, preparation) VALUES (46, "Bellini", NULL, "Pour peach purée into chilled glass, add sparkling wine. Stir gently.");
INSERT INTO Recipe (id, name, garnish, preparation) VALUES (47, "White Lady", NULL, "Add all ingredients into cocktail shaker filled with ice. Shake well and strain into large cocktail glass.");
INSERT INTO Recipe (id, name, garnish, preparation) VALUES (48, "Vieux Carré", "Pour all ingredients into mixing glass with ice cubes. Stir well. Strain into a chilled cocktail glass.", "Pour all ingredients into mixing glass with ice cubes. Stir well. Strain into a chilled cocktail glass.");
INSERT INTO Recipe (id, name, garnish, preparation) VALUES (49, "Tuxedo", "Stir all ingredients with ice and strain into a cocktail glass. Garnish with a cherry and a twist of lemon zest.", "Stir all ingredients with ice and strain into a cocktail glass. Garnish with a cherry and a twist of lemon zest.");
INSERT INTO Recipe (id, name, garnish, preparation) VALUES (50, "Stinger", "Pour all ingredients into mixing glass with ice cubes. Stir well. Strain into chilled martini cocktail glass.", "Pour all ingredients into mixing glass with ice cubes. Stir well. Strain into chilled martini cocktail glass.");
INSERT INTO Recipe (id, name, garnish, preparation) VALUES (51, "Sidecar", NULL, "Pour all ingredients into cocktail shaker filled with ice. Shake well and strain into cocktail glass.");
INSERT INTO Recipe (id, name, garnish, preparation) VALUES (52, "Sazerac", "Rinse a chilled old-fashioned glass with the absinthe, add crushed ice, and set it aside. Stir the remaining ingredients over ice and set it aside. Discard the ice and any excess absinthe from the prepared glass, and strain the drink into the glass. Add the lemon peel for garnish.", "Rinse a chilled old-fashioned glass with the absinthe, add crushed ice, and set it aside. Stir the remaining ingredients over ice and set it aside. Discard the ice and any excess absinthe from the prepared glass, and strain the drink into the glass. Add the lemon peel for garnish.");
INSERT INTO Recipe (id, name, garnish, preparation) VALUES (53, "Rusty Nail", "Pour all ingredients directly into an old fashioned glass filled with ice. Stir gently.", "Pour all ingredients directly into an old fashioned glass filled with ice. Stir gently.");
INSERT INTO Recipe (id, name, garnish, preparation) VALUES (54, "Planter's punch", "Pour all ingredients into a tumbler glass.", "Pour all ingredients into a tumbler glass.");
INSERT INTO Recipe (id, name, garnish, preparation) VALUES (55, "Old fashioned", "Place sugar cube in old fashioned glass and saturate with bitter, add few dashes of plain water. Muddle until dissolved. Fill the glass with ice cubes and add whiskey. Stir gently. Garnish with orange slice or zest, and a cocktail cherry.", "Place sugar cube in old fashioned glass and saturate with bitter, add few dashes of plain water. Muddle until dissolved. Fill the glass with ice cubes and add whiskey. Stir gently. Garnish with orange slice or zest, and a cocktail cherry.");
INSERT INTO Recipe (id, name, garnish, preparation) VALUES (56, "Negroni", "Stir into glass over ice, garnish and serve.", "Stir into glass over ice, garnish and serve.");
INSERT INTO Recipe (id, name, garnish, preparation) VALUES (57, "Monkey Gland", NULL, "Shake well over ice cubes in a shaker, strain into a chilled cocktail glass.");
INSERT INTO Recipe (id, name, garnish, preparation) VALUES (58, "Mary Pickford", NULL, "Shake and strain into a chilled large cocktail glass.");
INSERT INTO Recipe (id, name, garnish, preparation) VALUES (59, "Martinez", "Stirred over ice, strained into a chilled glass, garnished, and served up.", "Stirred over ice, strained into a chilled glass, garnished, and served up.");
INSERT INTO Recipe (id, name, garnish, preparation) VALUES (60, "Manhattan", "Pour all ingredients into mixing glass with ice cubes. Stir well. Strain into a chilled cocktail glass.", "Pour all ingredients into mixing glass with ice cubes. Stir well. Strain into a chilled cocktail glass.");
INSERT INTO Recipe (id, name, garnish, preparation) VALUES (61, "Last Word", NULL, "Shake with ice and strain into a cocktail glass.");
INSERT INTO Recipe (id, name, garnish, preparation) VALUES (62, "John Collins", "Pour all ingredients directly into highball glass filled with ice. Stir gently. Garnish. Add a dash of Angostura bitters.", "Pour all ingredients directly into highball glass filled with ice. Stir gently. Garnish. Add a dash of Angostura bitters.");
INSERT INTO Recipe (id, name, garnish, preparation) VALUES (63, "Hanky-Panky cocktail", "Stirred over ice, strained into a chilled glass, garnished, and served up.", "Stirred over ice, strained into a chilled glass, garnished, and served up.");
INSERT INTO Recipe (id, name, garnish, preparation) VALUES (64, "Martini", "Pour all ingredients into mixing glass with ice cubes. Stir well. Strain into chilled martini cocktail glass.", "Pour all ingredients into mixing glass with ice cubes. Stir well. Strain into chilled martini cocktail glass.");
INSERT INTO Recipe (id, name, garnish, preparation) VALUES (65, "Daiquiri", NULL, "In a cocktail shaker add all ingredients. Stir well to dissolve the sugar. Add ice and shake. Strain into chilled cocktail glass.");
INSERT INTO Recipe (id, name, garnish, preparation) VALUES (66, "Clover Club Cocktail", NULL, "Dry shake ingredients to emulsify, add ice, shake and served straight up.");
INSERT INTO Recipe (id, name, garnish, preparation) VALUES (67, "Casino", "Pour all ingredients into shaker with ice cubes. Shake well. Strain into chilled cocktail glass. Garnish with a lemon twist and a maraschino cherry. Serve without a straw.", "Pour all ingredients into shaker with ice cubes. Shake well. Strain into chilled cocktail glass. Garnish with a lemon twist and a maraschino cherry. Serve without a straw.");
INSERT INTO Recipe (id, name, garnish, preparation) VALUES (68, "Brandy Crusta", "Mix all ingredients with ice cubes in a mixing glass.  Strain into slim cocktail glass rimmed with sugar.", "Mix all ingredients with ice cubes in a mixing glass.  Strain into slim cocktail glass rimmed with sugar.");
INSERT INTO Recipe (id, name, garnish, preparation) VALUES (69, "Boulevardier", "Pour all ingredients into mixing glass with ice cubes. Stir well. Strain into a chilled cocktail glass.", "Pour all ingredients into mixing glass with ice cubes. Stir well. Strain into a chilled cocktail glass.");
INSERT INTO Recipe (id, name, garnish, preparation) VALUES (70, "Between the Sheets", NULL, "Pour all ingredients into shaker with ice cubes, shake, strain into chilled cocktail glass.");
INSERT INTO Recipe (id, name, garnish, preparation) VALUES (71, "Aviation", "Add all ingredients into cocktail shaker filled with ice. Shake well and strain into cocktail glass. Garnish with a cherry.", "Add all ingredients into cocktail shaker filled with ice. Shake well and strain into cocktail glass. Garnish with a cherry.");
INSERT INTO Recipe (id, name, garnish, preparation) VALUES (72, "Angel Face", NULL, "Pour all ingredients into cocktail shaker filled with ice cubes. Shake and strain into a chilled cocktail glass.");
INSERT INTO Recipe (id, name, garnish, preparation) VALUES (73, "Americano", "Pour the Campari and vermouth over ice into an old fashioned glass, add a splash of soda water and garnish with half orange slice and a lemon twist.", "Pour the Campari and vermouth over ice into an old fashioned glass, add a splash of soda water and garnish with half orange slice and a lemon twist.");
INSERT INTO Recipe (id, name, garnish, preparation) VALUES (74, "Alexander", "Pour all ingredients into cocktail shaker filled with ice cubes. Shake and strain into a chilled cocktail glass.", "Pour all ingredients into cocktail shaker filled with ice cubes. Shake and strain into a chilled cocktail glass.");
INSERT INTO Dosage (recipeId, ingredientId, amount, unit) VALUES (0, 0, 3, "cl");
INSERT INTO Dosage (recipeId, ingredientId, amount, unit) VALUES (0, 1, 1.5, "cl");
INSERT INTO Dosage (recipeId, ingredientId, amount, unit) VALUES (0, 2, 1.5, "cl");
INSERT INTO Dosage (recipeId, ingredientId, amount, unit) VALUES (0, 3, 1.5, "cl");
INSERT INTO Dosage (recipeId, ingredientId, amount, unit) VALUES (1, 4, 4.5, "cl");
INSERT INTO Dosage (recipeId, ingredientId, amount, unit) VALUES (1, 5, 3, "cl");
INSERT INTO Dosage (recipeId, ingredientId, amount, unit) VALUES (1, 6, 2.25, "cl");
INSERT INTO Dosage (recipeId, ingredientId, amount, unit) VALUES (1, 7, 1.5, "cl");
INSERT INTO Dosage (recipeId, ingredientId, amount, unit) VALUES (2, 8, 6, "cl");
INSERT INTO Dosage (recipeId, ingredientId, amount, unit) VALUES (2, 3, 3, "cl");
INSERT INTO Dosage (recipeId, ingredientId, amount, unit) VALUES (2, 9, 1.5, "cl");
INSERT INTO Dosage (recipeId, ingredientId, amount, unit) VALUES (2, 10, 1.5, "cl");
INSERT INTO Dosage (recipeId, ingredientId, amount, unit) VALUES (3, 11, 5, "cl");
INSERT INTO Dosage (recipeId, ingredientId, amount, unit) VALUES (3, 12, 2.5, "cl");
INSERT INTO Dosage (recipeId, ingredientId, amount, unit) VALUES (3, 13, 1.5, "cl");
INSERT INTO Dosage (recipeId, ingredientId, amount, unit) VALUES (3, 4, 2, "dashes");
INSERT INTO Dosage (recipeId, ingredientId, amount, unit) VALUES (4, 14, 30, "ml");
INSERT INTO Dosage (recipeId, ingredientId, amount, unit) VALUES (4, 15, 30, "ml");
INSERT INTO Dosage (recipeId, ingredientId, amount, unit) VALUES (4, 3, 15, "ml");
INSERT INTO Dosage (recipeId, ingredientId, amount, unit) VALUES (4, 4, 2, "dashes");
INSERT INTO Dosage (recipeId, ingredientId, amount, unit) VALUES (4, 16, 0, "top up");
INSERT INTO Dosage (recipeId, ingredientId, amount, unit) VALUES (5, 17, 9, "cl");
INSERT INTO Dosage (recipeId, ingredientId, amount, unit) VALUES (5, 18, 6, "cl");
INSERT INTO Dosage (recipeId, ingredientId, amount, unit) VALUES (5, 19, 0, "Splash");
INSERT INTO Dosage (recipeId, ingredientId, amount, unit) VALUES (6, 20, 2.5, "cl");
INSERT INTO Dosage (recipeId, ingredientId, amount, unit) VALUES (6, 21, 1.5, "cl");
INSERT INTO Dosage (recipeId, ingredientId, amount, unit) VALUES (6, 22, 1, "cl");
INSERT INTO Dosage (recipeId, ingredientId, amount, unit) VALUES (6, 6, 2.5, "cl");
INSERT INTO Dosage (recipeId, ingredientId, amount, unit) VALUES (7, 23, 6, "cl");
INSERT INTO Dosage (recipeId, ingredientId, amount, unit) VALUES (7, 24, 0.75, "cl");
INSERT INTO Dosage (recipeId, ingredientId, amount, unit) VALUES (7, 6, 2.25, "cl");
INSERT INTO Dosage (recipeId, ingredientId, amount, unit) VALUES (7, 25, 2.25, "cl");
INSERT INTO Dosage (recipeId, ingredientId, amount, unit) VALUES (7, 26, 2, "slices");
INSERT INTO Dosage (recipeId, ingredientId, amount, unit) VALUES (8, 27, 3, "cl");
INSERT INTO Dosage (recipeId, ingredientId, amount, unit) VALUES (8, 28, 3, "cl");
INSERT INTO Dosage (recipeId, ingredientId, amount, unit) VALUES (8, 18, 3, "cl");
INSERT INTO Dosage (recipeId, ingredientId, amount, unit) VALUES (8, 6, 3, "cl");
INSERT INTO Dosage (recipeId, ingredientId, amount, unit) VALUES (9, 8, 50, "ml");
INSERT INTO Dosage (recipeId, ingredientId, amount, unit) VALUES (9, 3, 5, "ml");
INSERT INTO Dosage (recipeId, ingredientId, amount, unit) VALUES (9, 29, 1, "pinch");
INSERT INTO Dosage (recipeId, ingredientId, amount, unit) VALUES (9, 30, 100, "ml");
INSERT INTO Dosage (recipeId, ingredientId, amount, unit) VALUES (10, 31, 4.5, "cl");
INSERT INTO Dosage (recipeId, ingredientId, amount, unit) VALUES (10, 3, 2.25, "cl");
INSERT INTO Dosage (recipeId, ingredientId, amount, unit) VALUES (10, 32, 3, "cl");
INSERT INTO Dosage (recipeId, ingredientId, amount, unit) VALUES (10, 4, 2, "dashes");
INSERT INTO Dosage (recipeId, ingredientId, amount, unit) VALUES (10, 33, 6, "leaves");
INSERT INTO Dosage (recipeId, ingredientId, amount, unit) VALUES (10, 17, 6, "cl");
INSERT INTO Dosage (recipeId, ingredientId, amount, unit) VALUES (11, 27, 6, "cl");
INSERT INTO Dosage (recipeId, ingredientId, amount, unit) VALUES (11, 32, 2.25, "cl");
INSERT INTO Dosage (recipeId, ingredientId, amount, unit) VALUES (11, 6, 3, "cl");
INSERT INTO Dosage (recipeId, ingredientId, amount, unit) VALUES (11, 34, 2, "drops");
INSERT INTO Dosage (recipeId, ingredientId, amount, unit) VALUES (11, 35, 1.5, "cl");
INSERT INTO Dosage (recipeId, ingredientId, amount, unit) VALUES (12, 36, 2.25, "cl");
INSERT INTO Dosage (recipeId, ingredientId, amount, unit) VALUES (12, 37, 2.25, "cl");
INSERT INTO Dosage (recipeId, ingredientId, amount, unit) VALUES (12, 18, 2.25, "cl");
INSERT INTO Dosage (recipeId, ingredientId, amount, unit) VALUES (12, 3, 2.25, "cl");
INSERT INTO Dosage (recipeId, ingredientId, amount, unit) VALUES (13, 38, 30, "ml");
INSERT INTO Dosage (recipeId, ingredientId, amount, unit) VALUES (13, 2, 20, "ml");
INSERT INTO Dosage (recipeId, ingredientId, amount, unit) VALUES (13, 6, 15, "ml");
INSERT INTO Dosage (recipeId, ingredientId, amount, unit) VALUES (14, 36, 3, "cl");
INSERT INTO Dosage (recipeId, ingredientId, amount, unit) VALUES (14, 0, 1.5, "cl");
INSERT INTO Dosage (recipeId, ingredientId, amount, unit) VALUES (14, 39, 1.5, "cl");
INSERT INTO Dosage (recipeId, ingredientId, amount, unit) VALUES (14, 40, 1, "barspoon");
INSERT INTO Dosage (recipeId, ingredientId, amount, unit) VALUES (14, 3, 2.25, "cl");
INSERT INTO Dosage (recipeId, ingredientId, amount, unit) VALUES (14, 32, 1.5, "cl");
INSERT INTO Dosage (recipeId, ingredientId, amount, unit) VALUES (14, 34, 2, "drops");
INSERT INTO Dosage (recipeId, ingredientId, amount, unit) VALUES (15, 41, 5, "cl");
INSERT INTO Dosage (recipeId, ingredientId, amount, unit) VALUES (15, 42, 0, "top up");
INSERT INTO Dosage (recipeId, ingredientId, amount, unit) VALUES (16, 20, 50, "ml");
INSERT INTO Dosage (recipeId, ingredientId, amount, unit) VALUES (16, 43, 30, "ml");
INSERT INTO Dosage (recipeId, ingredientId, amount, unit) VALUES (16, 22, 10, "ml");
INSERT INTO Dosage (recipeId, ingredientId, amount, unit) VALUES (16, 44, 1, "shot");
INSERT INTO Dosage (recipeId, ingredientId, amount, unit) VALUES (17, 31, 6, "cl");
INSERT INTO Dosage (recipeId, ingredientId, amount, unit) VALUES (17, 3, 1.5, "cl");
INSERT INTO Dosage (recipeId, ingredientId, amount, unit) VALUES (17, 45, 1.5, "cl");
INSERT INTO Dosage (recipeId, ingredientId, amount, unit) VALUES (17, 10, 5, "cl");
INSERT INTO Dosage (recipeId, ingredientId, amount, unit) VALUES (18, 14, 52.5, "ml");
INSERT INTO Dosage (recipeId, ingredientId, amount, unit) VALUES (18, 6, 22.5, "ml");
INSERT INTO Dosage (recipeId, ingredientId, amount, unit) VALUES (18, 46, 22.5, "ml");
INSERT INTO Dosage (recipeId, ingredientId, amount, unit) VALUES (18, 25, 2, "teaspoons");
INSERT INTO Dosage (recipeId, ingredientId, amount, unit) VALUES (19, 47, 4.5, "cl");
INSERT INTO Dosage (recipeId, ingredientId, amount, unit) VALUES (19, 1, 1.5, "cl");
INSERT INTO Dosage (recipeId, ingredientId, amount, unit) VALUES (19, 48, 6, "cl");
INSERT INTO Dosage (recipeId, ingredientId, amount, unit) VALUES (19, 3, 1, "dash");
INSERT INTO Dosage (recipeId, ingredientId, amount, unit) VALUES (19, 17, 0, "top up");
INSERT INTO Dosage (recipeId, ingredientId, amount, unit) VALUES (20, 49, 45, "ml");
INSERT INTO Dosage (recipeId, ingredientId, amount, unit) VALUES (20, 50, 45, "ml");
INSERT INTO Dosage (recipeId, ingredientId, amount, unit) VALUES (20, 51, 30, "ml");
INSERT INTO Dosage (recipeId, ingredientId, amount, unit) VALUES (20, 3, 20, "ml");
INSERT INTO Dosage (recipeId, ingredientId, amount, unit) VALUES (20, 39, 15, "ml");
INSERT INTO Dosage (recipeId, ingredientId, amount, unit) VALUES (20, 52, 15, "ml");
INSERT INTO Dosage (recipeId, ingredientId, amount, unit) VALUES (20, 53, 1, "tsp");
INSERT INTO Dosage (recipeId, ingredientId, amount, unit) VALUES (20, 4, 1, "dash");
INSERT INTO Dosage (recipeId, ingredientId, amount, unit) VALUES (20, 54, 6, "drops");
INSERT INTO Dosage (recipeId, ingredientId, amount, unit) VALUES (21, 14, 45, "ml");
INSERT INTO Dosage (recipeId, ingredientId, amount, unit) VALUES (21, 20, 15, "ml");
INSERT INTO Dosage (recipeId, ingredientId, amount, unit) VALUES (21, 55, 7.5, "ml");
INSERT INTO Dosage (recipeId, ingredientId, amount, unit) VALUES (22, 8, 4.5, "cl");
INSERT INTO Dosage (recipeId, ingredientId, amount, unit) VALUES (22, 46, 9, "cl");
INSERT INTO Dosage (recipeId, ingredientId, amount, unit) VALUES (22, 53, 1.5, "cl");
INSERT INTO Dosage (recipeId, ingredientId, amount, unit) VALUES (23, 14, 3, "cl");
INSERT INTO Dosage (recipeId, ingredientId, amount, unit) VALUES (23, 56, 1.5, "cl");
INSERT INTO Dosage (recipeId, ingredientId, amount, unit) VALUES (23, 57, 0.75, "cl");
INSERT INTO Dosage (recipeId, ingredientId, amount, unit) VALUES (23, 58, 0.75, "cl");
INSERT INTO Dosage (recipeId, ingredientId, amount, unit) VALUES (23, 59, 1, "cl");
INSERT INTO Dosage (recipeId, ingredientId, amount, unit) VALUES (23, 48, 12, "cl");
INSERT INTO Dosage (recipeId, ingredientId, amount, unit) VALUES (23, 3, 1.5, "cl");
INSERT INTO Dosage (recipeId, ingredientId, amount, unit) VALUES (23, 4, 1, "dash");
INSERT INTO Dosage (recipeId, ingredientId, amount, unit) VALUES (24, 20, 4, "cl");
INSERT INTO Dosage (recipeId, ingredientId, amount, unit) VALUES (24, 60, 2, "cl");
INSERT INTO Dosage (recipeId, ingredientId, amount, unit) VALUES (24, 46, 4, "cl");
INSERT INTO Dosage (recipeId, ingredientId, amount, unit) VALUES (24, 61, 4, "cl");
INSERT INTO Dosage (recipeId, ingredientId, amount, unit) VALUES (25, 20, 4, "cl");
INSERT INTO Dosage (recipeId, ingredientId, amount, unit) VALUES (25, 61, 12, "cl");
INSERT INTO Dosage (recipeId, ingredientId, amount, unit) VALUES (25, 62, 3, "cl");
INSERT INTO Dosage (recipeId, ingredientId, amount, unit) VALUES (26, 63, 60, "ml");
INSERT INTO Dosage (recipeId, ingredientId, amount, unit) VALUES (26, 6, 30, "ml");
INSERT INTO Dosage (recipeId, ingredientId, amount, unit) VALUES (26, 32, 20, "ml");
INSERT INTO Dosage (recipeId, ingredientId, amount, unit) VALUES (26, 34, 1, NULL);
INSERT INTO Dosage (recipeId, ingredientId, amount, unit) VALUES (26, 64, 3, "drops ");
INSERT INTO Dosage (recipeId, ingredientId, amount, unit) VALUES (27, 0, 5, "parts");
INSERT INTO Dosage (recipeId, ingredientId, amount, unit) VALUES (27, 65, 3, "parts");
INSERT INTO Dosage (recipeId, ingredientId, amount, unit) VALUES (27, 48, 5, "parts");
INSERT INTO Dosage (recipeId, ingredientId, amount, unit) VALUES (28, 20, 4.5, "cl");
INSERT INTO Dosage (recipeId, ingredientId, amount, unit) VALUES (28, 3, 1, "cl");
INSERT INTO Dosage (recipeId, ingredientId, amount, unit) VALUES (28, 16, 12, "cl");
INSERT INTO Dosage (recipeId, ingredientId, amount, unit) VALUES (29, 0, 45, "ml");
INSERT INTO Dosage (recipeId, ingredientId, amount, unit) VALUES (29, 3, 20, "ml");
INSERT INTO Dosage (recipeId, ingredientId, amount, unit) VALUES (29, 33, 6, "sprigs");
INSERT INTO Dosage (recipeId, ingredientId, amount, unit) VALUES (29, 66, 2, "teaspoons");
INSERT INTO Dosage (recipeId, ingredientId, amount, unit) VALUES (29, 19, 0, "top up");
INSERT INTO Dosage (recipeId, ingredientId, amount, unit) VALUES (30, 27, 6, "cl");
INSERT INTO Dosage (recipeId, ingredientId, amount, unit) VALUES (30, 33, 4, "leaves");
INSERT INTO Dosage (recipeId, ingredientId, amount, unit) VALUES (30, 67, 1, "teaspoon");
INSERT INTO Dosage (recipeId, ingredientId, amount, unit) VALUES (30, 10, 2, "teaspoons");
INSERT INTO Dosage (recipeId, ingredientId, amount, unit) VALUES (31, 68, 7.5, "cl");
INSERT INTO Dosage (recipeId, ingredientId, amount, unit) VALUES (31, 46, 7.5, "cl");
INSERT INTO Dosage (recipeId, ingredientId, amount, unit) VALUES (32, 69, 50, "ml");
INSERT INTO Dosage (recipeId, ingredientId, amount, unit) VALUES (32, 2, 20, "ml");
INSERT INTO Dosage (recipeId, ingredientId, amount, unit) VALUES (32, 3, 15, "ml");
INSERT INTO Dosage (recipeId, ingredientId, amount, unit) VALUES (33, 70, 30, "ml");
INSERT INTO Dosage (recipeId, ingredientId, amount, unit) VALUES (33, 71, 30, "ml");
INSERT INTO Dosage (recipeId, ingredientId, amount, unit) VALUES (33, 72, 15, "ml");
INSERT INTO Dosage (recipeId, ingredientId, amount, unit) VALUES (33, 5, 15, "ml");
INSERT INTO Dosage (recipeId, ingredientId, amount, unit) VALUES (33, 3, 30, "ml");
INSERT INTO Dosage (recipeId, ingredientId, amount, unit) VALUES (33, 32, 7.5, "ml");
INSERT INTO Dosage (recipeId, ingredientId, amount, unit) VALUES (34, 8, 15, "ml");
INSERT INTO Dosage (recipeId, ingredientId, amount, unit) VALUES (34, 20, 15, "ml");
INSERT INTO Dosage (recipeId, ingredientId, amount, unit) VALUES (34, 0, 15, "ml");
INSERT INTO Dosage (recipeId, ingredientId, amount, unit) VALUES (34, 57, 15, "ml");
INSERT INTO Dosage (recipeId, ingredientId, amount, unit) VALUES (34, 14, 15, "ml");
INSERT INTO Dosage (recipeId, ingredientId, amount, unit) VALUES (34, 6, 30, "ml");
INSERT INTO Dosage (recipeId, ingredientId, amount, unit) VALUES (34, 32, 20, "ml");
INSERT INTO Dosage (recipeId, ingredientId, amount, unit) VALUES (34, 42, 0, "top up");
INSERT INTO Dosage (recipeId, ingredientId, amount, unit) VALUES (35, 73, 9, "cl");
INSERT INTO Dosage (recipeId, ingredientId, amount, unit) VALUES (35, 21, 1, "cl");
INSERT INTO Dosage (recipeId, ingredientId, amount, unit) VALUES (36, 11, 4, "cl");
INSERT INTO Dosage (recipeId, ingredientId, amount, unit) VALUES (36, 74, 8, "cl");
INSERT INTO Dosage (recipeId, ingredientId, amount, unit) VALUES (36, 75, 3, "cl");
INSERT INTO Dosage (recipeId, ingredientId, amount, unit) VALUES (36, 76, 1, "tsp");
INSERT INTO Dosage (recipeId, ingredientId, amount, unit) VALUES (37, 15, 4, "cl");
INSERT INTO Dosage (recipeId, ingredientId, amount, unit) VALUES (37, 77, 12, "cl");
INSERT INTO Dosage (recipeId, ingredientId, amount, unit) VALUES (37, 4, 1, "dash");
INSERT INTO Dosage (recipeId, ingredientId, amount, unit) VALUES (38, 31, 6, "cl");
INSERT INTO Dosage (recipeId, ingredientId, amount, unit) VALUES (38, 62, 4, "cl");
INSERT INTO Dosage (recipeId, ingredientId, amount, unit) VALUES (38, 78, 1.5, "cL");
INSERT INTO Dosage (recipeId, ingredientId, amount, unit) VALUES (38, 3, 1.5, "cl");
INSERT INTO Dosage (recipeId, ingredientId, amount, unit) VALUES (39, 79, 3, "cl");
INSERT INTO Dosage (recipeId, ingredientId, amount, unit) VALUES (39, 80, 3, "cl");
INSERT INTO Dosage (recipeId, ingredientId, amount, unit) VALUES (39, 75, 3, "cl");
INSERT INTO Dosage (recipeId, ingredientId, amount, unit) VALUES (40, 1, 2, "cl");
INSERT INTO Dosage (recipeId, ingredientId, amount, unit) VALUES (40, 2, 2, "cl");
INSERT INTO Dosage (recipeId, ingredientId, amount, unit) VALUES (40, 46, 2, "cl");
INSERT INTO Dosage (recipeId, ingredientId, amount, unit) VALUES (40, 75, 1, "cl");
INSERT INTO Dosage (recipeId, ingredientId, amount, unit) VALUES (41, 81, 3.5, "cl");
INSERT INTO Dosage (recipeId, ingredientId, amount, unit) VALUES (41, 82, 3.5, "cl");
INSERT INTO Dosage (recipeId, ingredientId, amount, unit) VALUES (42, 14, 30, "ml");
INSERT INTO Dosage (recipeId, ingredientId, amount, unit) VALUES (42, 6, 15, "ml");
INSERT INTO Dosage (recipeId, ingredientId, amount, unit) VALUES (42, 32, 15, "ml");
INSERT INTO Dosage (recipeId, ingredientId, amount, unit) VALUES (42, 68, 60, "ml");
INSERT INTO Dosage (recipeId, ingredientId, amount, unit) VALUES (43, 42, 120, "ml");
INSERT INTO Dosage (recipeId, ingredientId, amount, unit) VALUES (43, 0, 50, "ml");
INSERT INTO Dosage (recipeId, ingredientId, amount, unit) VALUES (43, 3, 10, "ml");
INSERT INTO Dosage (recipeId, ingredientId, amount, unit) VALUES (44, 38, 4, "cl");
INSERT INTO Dosage (recipeId, ingredientId, amount, unit) VALUES (44, 57, 1.5, "cl");
INSERT INTO Dosage (recipeId, ingredientId, amount, unit) VALUES (44, 3, 1.5, "cl");
INSERT INTO Dosage (recipeId, ingredientId, amount, unit) VALUES (44, 61, 3, "cl");
INSERT INTO Dosage (recipeId, ingredientId, amount, unit) VALUES (45, 20, 50, "ml");
INSERT INTO Dosage (recipeId, ingredientId, amount, unit) VALUES (45, 43, 20, "ml");
INSERT INTO Dosage (recipeId, ingredientId, amount, unit) VALUES (46, 17, 10, "cl");
INSERT INTO Dosage (recipeId, ingredientId, amount, unit) VALUES (46, 83, 5, "cl");
INSERT INTO Dosage (recipeId, ingredientId, amount, unit) VALUES (47, 14, 4, "cl");
INSERT INTO Dosage (recipeId, ingredientId, amount, unit) VALUES (47, 2, 3, "cl");
INSERT INTO Dosage (recipeId, ingredientId, amount, unit) VALUES (47, 6, 2, "cl");
INSERT INTO Dosage (recipeId, ingredientId, amount, unit) VALUES (48, 7, 30, "ml");
INSERT INTO Dosage (recipeId, ingredientId, amount, unit) VALUES (48, 81, 30, "ml");
INSERT INTO Dosage (recipeId, ingredientId, amount, unit) VALUES (48, 84, 30, "ml");
INSERT INTO Dosage (recipeId, ingredientId, amount, unit) VALUES (48, 85, 1, "barspoon");
INSERT INTO Dosage (recipeId, ingredientId, amount, unit) VALUES (48, 86, 2, "dashes");
INSERT INTO Dosage (recipeId, ingredientId, amount, unit) VALUES (49, 14, 3, "cl");
INSERT INTO Dosage (recipeId, ingredientId, amount, unit) VALUES (49, 87, 3, "cl");
INSERT INTO Dosage (recipeId, ingredientId, amount, unit) VALUES (49, 88, 0.5, "barspoon");
INSERT INTO Dosage (recipeId, ingredientId, amount, unit) VALUES (49, 89, 0.25, "barspoon");
INSERT INTO Dosage (recipeId, ingredientId, amount, unit) VALUES (49, 90, 3, "dashes");
INSERT INTO Dosage (recipeId, ingredientId, amount, unit) VALUES (50, 81, 50, "ml");
INSERT INTO Dosage (recipeId, ingredientId, amount, unit) VALUES (50, 91, 20, "ml");
INSERT INTO Dosage (recipeId, ingredientId, amount, unit) VALUES (51, 81, 5, "cl");
INSERT INTO Dosage (recipeId, ingredientId, amount, unit) VALUES (51, 2, 2, "cl");
INSERT INTO Dosage (recipeId, ingredientId, amount, unit) VALUES (51, 6, 2, "cl");
INSERT INTO Dosage (recipeId, ingredientId, amount, unit) VALUES (52, 81, 5, "cl");
INSERT INTO Dosage (recipeId, ingredientId, amount, unit) VALUES (52, 89, 1, "cl");
INSERT INTO Dosage (recipeId, ingredientId, amount, unit) VALUES (52, 92, 1, "cube");
INSERT INTO Dosage (recipeId, ingredientId, amount, unit) VALUES (52, 86, 2, "dashes");
INSERT INTO Dosage (recipeId, ingredientId, amount, unit) VALUES (53, 23, 45, "ml");
INSERT INTO Dosage (recipeId, ingredientId, amount, unit) VALUES (53, 93, 25, "ml");
INSERT INTO Dosage (recipeId, ingredientId, amount, unit) VALUES (54, 94, 4.5, "cl");
INSERT INTO Dosage (recipeId, ingredientId, amount, unit) VALUES (54, 3, 1.5, "cl");
INSERT INTO Dosage (recipeId, ingredientId, amount, unit) VALUES (54, 95, 3, "cl");
INSERT INTO Dosage (recipeId, ingredientId, amount, unit) VALUES (55, 27, 45, "ml");
INSERT INTO Dosage (recipeId, ingredientId, amount, unit) VALUES (55, 92, 1, "cube");
INSERT INTO Dosage (recipeId, ingredientId, amount, unit) VALUES (55, 4, 2, "dashes");
INSERT INTO Dosage (recipeId, ingredientId, amount, unit) VALUES (55, 10, 2, "dashes");
INSERT INTO Dosage (recipeId, ingredientId, amount, unit) VALUES (56, 14, 3, "cl");
INSERT INTO Dosage (recipeId, ingredientId, amount, unit) VALUES (56, 12, 3, "cl");
INSERT INTO Dosage (recipeId, ingredientId, amount, unit) VALUES (56, 96, 3, "cl");
INSERT INTO Dosage (recipeId, ingredientId, amount, unit) VALUES (57, 14, 45, "ml");
INSERT INTO Dosage (recipeId, ingredientId, amount, unit) VALUES (57, 46, 45, "ml");
INSERT INTO Dosage (recipeId, ingredientId, amount, unit) VALUES (57, 89, 1, "tablespoon");
INSERT INTO Dosage (recipeId, ingredientId, amount, unit) VALUES (57, 59, 1, "tablespoon");
INSERT INTO Dosage (recipeId, ingredientId, amount, unit) VALUES (58, 0, 4.5, "cl");
INSERT INTO Dosage (recipeId, ingredientId, amount, unit) VALUES (58, 48, 4.5, "cl");
INSERT INTO Dosage (recipeId, ingredientId, amount, unit) VALUES (58, 59, 0.5, "cl");
INSERT INTO Dosage (recipeId, ingredientId, amount, unit) VALUES (58, 88, 0.75, "cl");
INSERT INTO Dosage (recipeId, ingredientId, amount, unit) VALUES (59, 97, 45, "ml");
INSERT INTO Dosage (recipeId, ingredientId, amount, unit) VALUES (59, 98, 45, "ml");
INSERT INTO Dosage (recipeId, ingredientId, amount, unit) VALUES (59, 78, 1, "barspoon");
INSERT INTO Dosage (recipeId, ingredientId, amount, unit) VALUES (59, 90, 2, "Dashes");
INSERT INTO Dosage (recipeId, ingredientId, amount, unit) VALUES (60, 7, 50, "ml");
INSERT INTO Dosage (recipeId, ingredientId, amount, unit) VALUES (60, 12, 20, "ml");
INSERT INTO Dosage (recipeId, ingredientId, amount, unit) VALUES (60, 4, 1, "dash");
INSERT INTO Dosage (recipeId, ingredientId, amount, unit) VALUES (61, 14, 22.5, "ml");
INSERT INTO Dosage (recipeId, ingredientId, amount, unit) VALUES (61, 3, 22.5, "ml");
INSERT INTO Dosage (recipeId, ingredientId, amount, unit) VALUES (61, 13, 22.5, "ml");
INSERT INTO Dosage (recipeId, ingredientId, amount, unit) VALUES (61, 78, 22.5, "ml");
INSERT INTO Dosage (recipeId, ingredientId, amount, unit) VALUES (62, 14, 4.5, "cl");
INSERT INTO Dosage (recipeId, ingredientId, amount, unit) VALUES (62, 6, 3, "cl");
INSERT INTO Dosage (recipeId, ingredientId, amount, unit) VALUES (62, 22, 1.5, "cl");
INSERT INTO Dosage (recipeId, ingredientId, amount, unit) VALUES (62, 99, 6, "cl");
INSERT INTO Dosage (recipeId, ingredientId, amount, unit) VALUES (63, 14, 45, "ml");
INSERT INTO Dosage (recipeId, ingredientId, amount, unit) VALUES (63, 12, 45, "ml");
INSERT INTO Dosage (recipeId, ingredientId, amount, unit) VALUES (63, 100, 7.5, "ml");
INSERT INTO Dosage (recipeId, ingredientId, amount, unit) VALUES (64, 14, 60, "ml");
INSERT INTO Dosage (recipeId, ingredientId, amount, unit) VALUES (64, 87, 10, "ml");
INSERT INTO Dosage (recipeId, ingredientId, amount, unit) VALUES (65, 0, 6, "cl");
INSERT INTO Dosage (recipeId, ingredientId, amount, unit) VALUES (65, 3, 2, "cl");
INSERT INTO Dosage (recipeId, ingredientId, amount, unit) VALUES (65, 92, 2, "barspoon");
INSERT INTO Dosage (recipeId, ingredientId, amount, unit) VALUES (66, 14, 4.5, "cl");
INSERT INTO Dosage (recipeId, ingredientId, amount, unit) VALUES (66, 6, 1.5, "cl");
INSERT INTO Dosage (recipeId, ingredientId, amount, unit) VALUES (66, 101, 1.5, "cl");
INSERT INTO Dosage (recipeId, ingredientId, amount, unit) VALUES (66, 87, 0.5, "cl");
INSERT INTO Dosage (recipeId, ingredientId, amount, unit) VALUES (66, 34, 1, NULL);
INSERT INTO Dosage (recipeId, ingredientId, amount, unit) VALUES (67, 14, 4, "cl");
INSERT INTO Dosage (recipeId, ingredientId, amount, unit) VALUES (67, 78, 1, "cl");
INSERT INTO Dosage (recipeId, ingredientId, amount, unit) VALUES (67, 6, 1, "cl");
INSERT INTO Dosage (recipeId, ingredientId, amount, unit) VALUES (67, 90, 2, "dashes");
INSERT INTO Dosage (recipeId, ingredientId, amount, unit) VALUES (68, 15, 52.5, "ml");
INSERT INTO Dosage (recipeId, ingredientId, amount, unit) VALUES (68, 40, 7.5, "ml");
INSERT INTO Dosage (recipeId, ingredientId, amount, unit) VALUES (68, 102, 1, "barspoon");
INSERT INTO Dosage (recipeId, ingredientId, amount, unit) VALUES (68, 6, 15, "ml");
INSERT INTO Dosage (recipeId, ingredientId, amount, unit) VALUES (68, 32, 1, "barspoon");
INSERT INTO Dosage (recipeId, ingredientId, amount, unit) VALUES (68, 64, 2, "dashes");
INSERT INTO Dosage (recipeId, ingredientId, amount, unit) VALUES (69, 27, 45, "ml");
INSERT INTO Dosage (recipeId, ingredientId, amount, unit) VALUES (69, 103, 30, "ml");
INSERT INTO Dosage (recipeId, ingredientId, amount, unit) VALUES (69, 12, 30, "ml");
INSERT INTO Dosage (recipeId, ingredientId, amount, unit) VALUES (70, 0, 3, "cl");
INSERT INTO Dosage (recipeId, ingredientId, amount, unit) VALUES (70, 81, 3, "cl");
INSERT INTO Dosage (recipeId, ingredientId, amount, unit) VALUES (70, 2, 3, "cl");
INSERT INTO Dosage (recipeId, ingredientId, amount, unit) VALUES (70, 6, 2, "cl");
INSERT INTO Dosage (recipeId, ingredientId, amount, unit) VALUES (71, 14, 45, "ml");
INSERT INTO Dosage (recipeId, ingredientId, amount, unit) VALUES (71, 6, 15, "ml");
INSERT INTO Dosage (recipeId, ingredientId, amount, unit) VALUES (71, 78, 15, "ml");
INSERT INTO Dosage (recipeId, ingredientId, amount, unit) VALUES (71, 104, 1, "barspoon");
INSERT INTO Dosage (recipeId, ingredientId, amount, unit) VALUES (72, 14, 3, "cl");
INSERT INTO Dosage (recipeId, ingredientId, amount, unit) VALUES (72, 105, 3, "cl");
INSERT INTO Dosage (recipeId, ingredientId, amount, unit) VALUES (72, 106, 3, "cl");
INSERT INTO Dosage (recipeId, ingredientId, amount, unit) VALUES (73, 96, 3, "cl");
INSERT INTO Dosage (recipeId, ingredientId, amount, unit) VALUES (73, 12, 3, "cl");
INSERT INTO Dosage (recipeId, ingredientId, amount, unit) VALUES (73, 19, 1, "splash");
INSERT INTO Dosage (recipeId, ingredientId, amount, unit) VALUES (74, 81, 30, "ml");
INSERT INTO Dosage (recipeId, ingredientId, amount, unit) VALUES (74, 80, 30, "ml");
INSERT INTO Dosage (recipeId, ingredientId, amount, unit) VALUES (74, 75, 30, "ml");
